{
    "schedules":[
        {
            "id":"158655",
            "event_uuid":"11ec-4e15-50e35c00-8039-d67fb3cf02b7",
            "event_id":"b02ab6c2be1a4358d22abdee084cdd3c",
            "sport_id":2,
            "season_type":"Regular Season",
            "season_year":2021,
            "away_team_id":81,
            "home_team_id":82,
            "away_team":"Chicago",
            "home_team":"Detroit",
            "date_event":"2021-11-25T17:30:00Z",
            "neutral_site":false,
            "conference_competition":false,
            "away_score":0,
            "home_score":0,
            "league_name":"National Football League",
            "event_name":"Chicago at Detroit - 2021-11-25",
            "broadcast":"FOX",
            "event_location":"Ford Field",
            "attendance":0,
            "updated_at":"2021-11-24T05:22:13.495218Z",
            "event_status":"STATUS_SCHEDULED",
            "event_status_detail":"11/25 - 12:30 PM EST"
        }
    ]
}