{
    "meta":{
        "delta_last_id":"11ec-4ce4-f057e724-809c-7dbb8ff5dbea"
    },
    "events":[
        {
            "event_id":"b02ab6c2be1a4358d22abdee084cdd3c",
            "event_uuid":"11ec-4e15-50e35c00-8ba6-0c20554b185a",
            "sport_id":2,
            "event_date":"2021-11-25T17:30:00Z",
            "rotation_number_away":105,
            "rotation_number_home":106,
            "teams":[
                {
                    "team_id":18611,
                    "team_normalized_id":81,
                    "name":"Chicago Bears",
                    "is_away":true,
                    "is_home":false
                },
                {
                    "team_id":18604,
                    "team_normalized_id":82,
                    "name":"Detroit Lions",
                    "is_away":false,
                    "is_home":true
                }
            ],
            "schedule":{
                "season_type":"Regular Season",
                "season_year":2021,
                "week":12,
                "week_name":"Week 12",
                "week_detail":"Nov 24-30",
                "event_name":"Chicago at Detroit - 2021-11-25",
                "attendance":"0"
            },
            "line_periods": null
        },{
            "event_id":"a1898ed3585bf669c62ffaf3131c67d9",
            "event_uuid":"11ec-4e36-d7f4fc00-8059-575ccee4e981",
            "sport_id":2,
            "event_date":"2021-11-25T21:30:00Z",
            "rotation_number_away":107,
            "rotation_number_home":108,
            "teams":[
                {
                    "team_id":2737897,
                    "team_normalized_id":75,
                    "name":"Las Vegas Raiders",
                    "is_away":true,
                    "is_home":false
                },
                {
                    "team_id":18623,
                    "team_normalized_id":77,
                    "name":"Dallas Cowboys",
                    "is_away":false,
                    "is_home":true
                }
            ],
            "schedule":{
                "season_type":"Regular Season",
                "season_year":2021,
                "week":12,
                "week_name":"Week 12",
                "week_detail":"Nov 24-30",
                "event_name":"Las Vegas at Dallas - 2021-11-25",
                "attendance":"0"
            },
            "line_periods": null
        }
    ]
}